{
    "Essay-app-main/.gitignore": "backend/.env\nbackend/node_modules\nfrontend/node_modules\nmy-essay-app/\n.trunk",
    "Essay-app-main/LICENSE": "MIT License\n\nCopyright (c) 2024 Amir \n\nPermission is hereby granted, free of charge, to any person obtaining a copy\nof this software and associated documentation files (the \"Software\"), to deal\nin the Software without restriction, including without limitation the rights\nto use, copy, modify, merge, publish, distribute, sublicense, and/or sell\ncopies of the Software, and to permit persons to whom the Software is\nfurnished to do so, subject to the following conditions:\n\nThe above copyright notice and this permission notice shall be included in all\ncopies or substantial portions of the Software.\n\nTHE SOFTWARE IS PROVIDED \"AS IS\", WITHOUT WARRANTY OF ANY KIND, EXPRESS OR\nIMPLIED, INCLUDING BUT NOT LIMITED TO THE WARRANTIES OF MERCHANTABILITY,\nFITNESS FOR A PARTICULAR PURPOSE AND NONINFRINGEMENT. IN NO EVENT SHALL THE\nAUTHORS OR COPYRIGHT HOLDERS BE LIABLE FOR ANY CLAIM, DAMAGES OR OTHER\nLIABILITY, WHETHER IN AN ACTION OF CONTRACT, TORT OR OTHERWISE, ARISING FROM,\nOUT OF OR IN CONNECTION WITH THE SOFTWARE OR THE USE OR OTHER DEALINGS IN THE\nSOFTWARE.\n",
    "Essay-app-main/README.md": "# Essay-app",
    "Essay-app-main/backend/index.js": "const express = require('express');\nconst { generateQuestions, generateEssay } = require('./openai');\n\nconst app = express();\napp.use(express.json());\n\nconst data = {};\n\napp.post('/generate-questions', async (req, res) => {\n  const { context, prompt } = req.body;\n  const questions = await generateQuestions(context, prompt);\n  const id = Date.now().toString();\n  data[id] = { context, prompt, questions };\n  res.json({ id });\n});\n\napp.post('/generate-essay', async (req, res) => {\n  const { id, answers } = req.body;\n  const { context, prompt, questions } = data[id];\n  const essay = await generateEssay(context, prompt, questions, answers);\n  data[id].essay = essay;\n  res.json({ id });\n});\n\napp.get('/data', (req, res) => {\n  const { id } = req.query;\n  if (data[id]) {\n    res.json(data[id]);\n  } else {\n    res.status(404).json({ error: 'Data not found' });\n  }\n});\n\napp.listen(3001, () => {\n  console.log('Backend server is running on port 3001');\n});",
    "Essay-app-main/backend/openai.js": "const { Configuration, OpenAIApi } = require('openai');\n\nconst configuration = new Configuration({\n  apiKey: process.env.OPENAI_API_KEY,\n});\nconst openai = new OpenAIApi(configuration);\n\nasync function generateQuestions(context, prompt) {\n  const response = await openai.createCompletion({\n    model: 'text-davinci-002',\n    prompt: `Given the context: \"${context}\" and the prompt: \"${prompt}\", generate ten questions that can be asked to help write an essay. Format the response as a JSON object with keys from 0 to 9 and corresponding question values.`,\n    max_tokens: 300,\n    n: 1,\n    stop: null,\n    temperature: 0.7,\n  });\n\n  const questionsText = response.data.choices[0].text.trim();\n  const questions = JSON.parse(questionsText);\n  return Object.values(questions);\n}\n\nasync function generateEssay(context, prompt, questions, answers) {\n  const formattedAnswers = questions.map((question, index) => `Q: ${question}\\nA: ${answers[index]}`).join('\\n');\n  const response = await openai.createCompletion({\n    model: 'text-davinci-002',\n    prompt: `Given the context: \"${context}\", the prompt: \"${prompt}\", and the following questions and answers:\\n${formattedAnswers}\\n\\nWrite a well-structured essay based on the provided information.`,\n    max_tokens: 500,\n    n: 1,\n    stop: null,\n    temperature: 0.7,\n  });\n\n  const essay = response.data.choices[0].text.trim();\n  return essay;\n}\n\nmodule.exports = {\n  generateQuestions,\n  generateEssay,\n};",
    "Essay-app-main/backend/package-lock.json": "{\n  \"name\": \"backend\",\n  \"version\": \"1.0.0\",\n  \"lockfileVersion\": 3,\n  \"requires\": true,\n  \"packages\": {\n    \"\": {\n      \"name\": \"backend\",\n      \"version\": \"1.0.0\",\n      \"license\": \"ISC\",\n      \"dependencies\": {\n        \"express\": \"^4.19.2\",\n        \"openai\": \"^4.47.1\"\n      }\n    },\n    \"node_modules/@types/node\": {\n      \"version\": \"18.19.33\",\n      \"resolved\": \"https://registry.npmjs.org/@types/node/-/node-18.19.33.tgz\",\n      \"integrity\": \"sha512-NR9+KrpSajr2qBVp/Yt5TU/rp+b5Mayi3+OlMlcg2cVCfRmcG5PWZ7S4+MG9PZ5gWBoc9Pd0BKSRViuBCRPu0A==\",\n      \"dependencies\": {\n        \"undici-types\": \"~5.26.4\"\n      }\n    },\n    \"node_modules/@types/node-fetch\": {\n      \"version\": \"2.6.11\",\n      \"resolved\": \"https://registry.npmjs.org/@types/node-fetch/-/node-fetch-2.6.11.tgz\",\n      \"integrity\": \"sha512-24xFj9R5+rfQJLRyM56qh+wnVSYhyXC2tkoBndtY0U+vubqNsYXGjufB2nn8Q6gt0LrARwL6UBtMCSVCwl4B1g==\",\n      \"dependencies\": {\n        \"@types/node\": \"*\",\n        \"form-data\": \"^4.0.0\"\n      }\n    },\n    \"node_modules/abort-controller\": {\n      \"version\": \"3.0.0\",\n      \"resolved\": \"https://registry.npmjs.org/abort-controller/-/abort-controller-3.0.0.tgz\",\n      \"integrity\": \"sha512-h8lQ8tacZYnR3vNQTgibj+tODHI5/+l06Au2Pcriv/Gmet0eaj4TwWH41sO9wnHDiQsEj19q0drzdWdeAHtweg==\",\n      \"dependencies\": {\n        \"event-target-shim\": \"^5.0.0\"\n      },\n      \"engines\": {\n        \"node\": \">=6.5\"\n      }\n    },\n    \"node_modules/accepts\": {\n      \"version\": \"1.3.8\",\n      \"resolved\": \"https://registry.npmjs.org/accepts/-/accepts-1.3.8.tgz\",\n      \"integrity\": \"sha512-PYAthTa2m2VKxuvSD3DPC/Gy+U+sOA1LAuT8mkmRuvw+NACSaeXEQ+NHcVF7rONl6qcaxV3Uuemwawk+7+SJLw==\",\n      \"dependencies\": {\n        \"mime-types\": \"~2.1.34\",\n        \"negotiator\": \"0.6.3\"\n      },\n      \"engines\": {\n        \"node\": \">= 0.6\"\n      }\n    },\n    \"node_modules/agentkeepalive\": {\n      \"version\": \"4.5.0\",\n      \"resolved\": \"https://registry.npmjs.org/agentkeepalive/-/agentkeepalive-4.5.0.tgz\",\n      \"integrity\": \"sha512-5GG/5IbQQpC9FpkRGsSvZI5QYeSCzlJHdpBQntCsuTOxhKD8lqKhrleg2Yi7yvMIf82Ycmmqln9U8V9qwEiJew==\",\n      \"dependencies\": {\n        \"humanize-ms\": \"^1.2.1\"\n      },\n      \"engines\": {\n        \"node\": \">= 8.0.0\"\n      }\n    },\n    \"node_modules/array-flatten\": {\n      \"version\": \"1.1.1\",\n      \"resolved\": \"https://registry.npmjs.org/array-flatten/-/array-flatten-1.1.1.tgz\",\n      \"integrity\": \"sha512-PCVAQswWemu6UdxsDFFX/+gVeYqKAod3D3UVm91jHwynguOwAvYPhx8nNlM++NqRcK6CxxpUafjmhIdKiHibqg==\"\n    },\n    \"node_modules/asynckit\": {\n      \"version\": \"0.4.0\",\n      \"resolved\": \"https://registry.npmjs.org/asynckit/-/asynckit-0.4.0.tgz\",\n      \"integrity\": \"sha512-Oei9OH4tRh0YqU3GxhX79dM/mwVgvbZJaSNaRk+bshkj0S5cfHcgYakreBjrHwatXKbz+IoIdYLxrKim2MjW0Q==\"\n    },\n    \"node_modules/body-parser\": {\n      \"version\": \"1.20.2\",\n      \"resolved\": \"https://registry.npmjs.org/body-parser/-/body-parser-1.20.2.tgz\",\n      \"integrity\": \"sha512-ml9pReCu3M61kGlqoTm2umSXTlRTuGTx0bfYj+uIUKKYycG5NtSbeetV3faSU6R7ajOPw0g/J1PvK4qNy7s5bA==\",\n      \"dependencies\": {\n        \"bytes\": \"3.1.2\",\n        \"content-type\": \"~1.0.5\",\n        \"debug\": \"2.6.9\",\n        \"depd\": \"2.0.0\",\n        \"destroy\": \"1.2.0\",\n        \"http-errors\": \"2.0.0\",\n        \"iconv-lite\": \"0.4.24\",\n        \"on-finished\": \"2.4.1\",\n        \"qs\": \"6.11.0\",\n        \"raw-body\": \"2.5.2\",\n        \"type-is\": \"~1.6.18\",\n        \"unpipe\": \"1.0.0\"\n      },\n      \"engines\": {\n        \"node\": \">= 0.8\",\n        \"npm\": \"1.2.8000 || >= 1.4.16\"\n      }\n    },\n    \"node_modules/bytes\": {\n      \"version\": \"3.1.2\",\n      \"resolved\": \"https://registry.npmjs.org/bytes/-/bytes-3.1.2.tgz\",\n      \"integrity\": \"sha512-/Nf7TyzTx6S3yRJObOAV7956r8cr2+Oj8AC5dt8wSP3BQAoeX58NoHyCU8P8zGkNXStjTSi6fzO6F0pBdcYbEg==\",\n      \"engines\": {\n        \"node\": \">= 0.8\"\n      }\n    },\n    \"node_modules/call-bind\": {\n      \"version\": \"1.0.7\",\n      \"resolved\": \"https://registry.npmjs.org/call-bind/-/call-bind-1.0.7.tgz\",\n      \"integrity\": \"sha512-GHTSNSYICQ7scH7sZ+M2rFopRoLh8t2bLSW6BbgrtLsahOIB5iyAVJf9GjWK3cYTDaMj4XdBpM1cA6pIS0Kv2w==\",\n      \"dependencies\": {\n        \"es-define-property\": \"^1.0.0\",\n        \"es-errors\": \"^1.3.0\",\n        \"function-bind\": \"^1.1.2\",\n        \"get-intrinsic\": \"^1.2.4\",\n        \"set-function-length\": \"^1.2.1\"\n      },\n      \"engines\": {\n        \"node\": \">= 0.4\"\n      },\n      \"funding\": {\n        \"url\": \"https://github.com/sponsors/ljharb\"\n      }\n    },\n    \"node_modules/combined-stream\": {\n      \"version\": \"1.0.8\",\n      \"resolved\": \"https://registry.npmjs.org/combined-stream/-/combined-stream-1.0.8.tgz\",\n      \"integrity\": \"sha512-FQN4MRfuJeHf7cBbBMJFXhKSDq+2kAArBlmRBvcvFE5BB1HZKXtSFASDhdlz9zOYwxh8lDdnvmMOe/+5cdoEdg==\",\n      \"dependencies\": {\n        \"delayed-stream\": \"~1.0.0\"\n      },\n      \"engines\": {\n        \"node\": \">= 0.8\"\n      }\n    },\n    \"node_modules/content-disposition\": {\n      \"version\": \"0.5.4\",\n      \"resolved\": \"https://registry.npmjs.org/content-disposition/-/content-disposition-0.5.4.tgz\",\n      \"integrity\": \"sha512-FveZTNuGw04cxlAiWbzi6zTAL/lhehaWbTtgluJh4/E95DqMwTmha3KZN1aAWA8cFIhHzMZUvLevkw5Rqk+tSQ==\",\n      \"dependencies\": {\n        \"safe-buffer\": \"5.2.1\"\n      },\n      \"engines\": {\n        \"node\": \">= 0.6\"\n      }\n    },\n    \"node_modules/content-type\": {\n      \"version\": \"1.0.5\",\n      \"resolved\": \"https://registry.npmjs.org/content-type/-/content-type-1.0.5.tgz\",\n      \"integrity\": \"sha512-nTjqfcBFEipKdXCv4YDQWCfmcLZKm81ldF0pAopTvyrFGVbcR6P/VAAd5G7N+0tTr8QqiU0tFadD6FK4NtJwOA==\",\n      \"engines\": {\n        \"node\": \">= 0.6\"\n      }\n    },\n    \"node_modules/cookie\": {\n      \"version\": \"0.6.0\",\n      \"resolved\": \"https://registry.npmjs.org/cookie/-/cookie-0.6.0.tgz\",\n      \"integrity\": \"sha512-U71cyTamuh1CRNCfpGY6to28lxvNwPG4Guz/EVjgf3Jmzv0vlDp1atT9eS5dDjMYHucpHbWns6Lwf3BKz6svdw==\",\n      \"engines\": {\n        \"node\": \">= 0.6\"\n      }\n    },\n    \"node_modules/cookie-signature\": {\n      \"version\": \"1.0.6\",\n      \"resolved\": \"https://registry.npmjs.org/cookie-signature/-/cookie-signature-1.0.6.tgz\",\n      \"integrity\": \"sha512-QADzlaHc8icV8I7vbaJXJwod9HWYp8uCqf1xa4OfNu1T7JVxQIrUgOWtHdNDtPiywmFbiS12VjotIXLrKM3orQ==\"\n    },\n    \"node_modules/debug\": {\n      \"version\": \"2.6.9\",\n      \"resolved\": \"https://registry.npmjs.org/debug/-/debug-2.6.9.tgz\",\n      \"integrity\": \"sha512-bC7ElrdJaJnPbAP+1EotYvqZsb3ecl5wi6Bfi6BJTUcNowp6cvspg0jXznRTKDjm/E7AdgFBVeAPVMNcKGsHMA==\",\n      \"dependencies\": {\n        \"ms\": \"2.0.0\"\n      }\n    },\n    \"node_modules/define-data-property\": {\n      \"version\": \"1.1.4\",\n      \"resolved\": \"https://registry.npmjs.org/define-data-property/-/define-data-property-1.1.4.tgz\",\n      \"integrity\": \"sha512-rBMvIzlpA8v6E+SJZoo++HAYqsLrkg7MSfIinMPFhmkorw7X+dOXVJQs+QT69zGkzMyfDnIMN2Wid1+NbL3T+A==\",\n      \"dependencies\": {\n        \"es-define-property\": \"^1.0.0\",\n        \"es-errors\": \"^1.3.0\",\n        \"gopd\": \"^1.0.1\"\n      },\n      \"engines\": {\n        \"node\": \">= 0.4\"\n      },\n      \"funding\": {\n        \"url\": \"https://github.com/sponsors/ljharb\"\n      }\n    },\n    \"node_modules/delayed-stream\": {\n      \"version\": \"1.0.0\",\n      \"resolved\": \"https://registry.npmjs.org/delayed-stream/-/delayed-stream-1.0.0.tgz\",\n      \"integrity\": \"sha512-ZySD7Nf91aLB0RxL4KGrKHBXl7Eds1DAmEdcoVawXnLD7SDhpNgtuII2aAkg7a7QS41jxPSZ17p4VdGnMHk3MQ==\",\n      \"engines\": {\n        \"node\": \">=0.4.0\"\n      }\n    },\n    \"node_modules/depd\": {\n      \"version\": \"2.0.0\",\n      \"resolved\": \"https://registry.npmjs.org/depd/-/depd-2.0.0.tgz\",\n      \"integrity\": \"sha512-g7nH6P6dyDioJogAAGprGpCtVImJhpPk/roCzdb3fIh61/s/nPsfR6onyMwkCAR/OlC3yBC0lESvUoQEAssIrw==\",\n      \"engines\": {\n        \"node\": \">= 0.8\"\n      }\n    },\n    \"node_modules/destroy\": {\n      \"version\": \"1.2.0\",\n      \"resolved\": \"https://registry.npmjs.org/destroy/-/destroy-1.2.0.tgz\",\n      \"integrity\": \"sha512-2sJGJTaXIIaR1w4iJSNoN0hnMY7Gpc/n8D4qSCJw8QqFWXf7cuAgnEHxBpweaVcPevC2l3KpjYCx3NypQQgaJg==\",\n      \"engines\": {\n        \"node\": \">= 0.8\",\n        \"npm\": \"1.2.8000 || >= 1.4.16\"\n      }\n    },\n    \"node_modules/ee-first\": {\n      \"version\": \"1.1.1\",\n      \"resolved\": \"https://registry.npmjs.org/ee-first/-/ee-first-1.1.1.tgz\",\n      \"integrity\": \"sha512-WMwm9LhRUo+WUaRN+vRuETqG89IgZphVSNkdFgeb6sS/E4OrDIN7t48CAewSHXc6C8lefD8KKfr5vY61brQlow==\"\n    },\n    \"node_modules/encodeurl\": {\n      \"version\": \"1.0.2\",\n      \"resolved\": \"https://registry.npmjs.org/encodeurl/-/encodeurl-1.0.2.tgz\",\n      \"integrity\": \"sha512-TPJXq8JqFaVYm2CWmPvnP2Iyo4ZSM7/QKcSmuMLDObfpH5fi7RUGmd/rTDf+rut/saiDiQEeVTNgAmJEdAOx0w==\",\n      \"engines\": {\n        \"node\": \">= 0.8\"\n      }\n    },\n    \"node_modules/es-define-property\": {\n      \"version\": \"1.0.0\",\n      \"resolved\": \"https://registry.npmjs.org/es-define-property/-/es-define-property-1.0.0.tgz\",\n      \"integrity\": \"sha512-jxayLKShrEqqzJ0eumQbVhTYQM27CfT1T35+gCgDFoL82JLsXqTJ76zv6A0YLOgEnLUMvLzsDsGIrl8NFpT2gQ==\",\n      \"dependencies\": {\n        \"get-intrinsic\": \"^1.2.4\"\n      },\n      \"engines\": {\n        \"node\": \">= 0.4\"\n      }\n    },\n    \"node_modules/es-errors\": {\n      \"version\": \"1.3.0\",\n      \"resolved\": \"https://registry.npmjs.org/es-errors/-/es-errors-1.3.0.tgz\",\n      \"integrity\": \"sha512-Zf5H2Kxt2xjTvbJvP2ZWLEICxA6j+hAmMzIlypy4xcBg1vKVnx89Wy0GbS+kf5cwCVFFzdCFh2XSCFNULS6csw==\",\n      \"engines\": {\n        \"node\": \">= 0.4\"\n      }\n    },\n    \"node_modules/escape-html\": {\n      \"version\": \"1.0.3\",\n      \"resolved\": \"https://registry.npmjs.org/escape-html/-/escape-html-1.0.3.tgz\",\n      \"integrity\": \"sha512-NiSupZ4OeuGwr68lGIeym/ksIZMJodUGOSCZ/FSnTxcrekbvqrgdUxlJOMpijaKZVjAJrWrGs/6Jy8OMuyj9ow==\"\n    },\n    \"node_modules/etag\": {\n      \"version\": \"1.8.1\",\n      \"resolved\": \"https://registry.npmjs.org/etag/-/etag-1.8.1.tgz\",\n      \"integrity\": \"sha512-aIL5Fx7mawVa300al2BnEE4iNvo1qETxLrPI/o05L7z6go7fCw1J6EQmbK4FmJ2AS7kgVF/KEZWufBfdClMcPg==\",\n      \"engines\": {\n        \"node\": \">= 0.6\"\n      }\n    },\n    \"node_modules/event-target-shim\": {\n      \"version\": \"5.0.1\",\n      \"resolved\": \"https://registry.npmjs.org/event-target-shim/-/event-target-shim-5.0.1.tgz\",\n      \"integrity\": \"sha512-i/2XbnSz/uxRCU6+NdVJgKWDTM427+MqYbkQzD321DuCQJUqOuJKIA0IM2+W2xtYHdKOmZ4dR6fExsd4SXL+WQ==\",\n      \"engines\": {\n        \"node\": \">=6\"\n      }\n    },\n    \"node_modules/express\": {\n      \"version\": \"4.19.2\",\n      \"resolved\": \"https://registry.npmjs.org/express/-/express-4.19.2.tgz\",\n      \"integrity\": \"sha512-5T6nhjsT+EOMzuck8JjBHARTHfMht0POzlA60WV2pMD3gyXw2LZnZ+ueGdNxG+0calOJcWKbpFcuzLZ91YWq9Q==\",\n      \"dependencies\": {\n        \"accepts\": \"~1.3.8\",\n        \"array-flatten\": \"1.1.1\",\n        \"body-parser\": \"1.20.2\",\n        \"content-disposition\": \"0.5.4\",\n        \"content-type\": \"~1.0.4\",\n        \"cookie\": \"0.6.0\",\n        \"cookie-signature\": \"1.0.6\",\n        \"debug\": \"2.6.9\",\n        \"depd\": \"2.0.0\",\n        \"encodeurl\": \"~1.0.2\",\n        \"escape-html\": \"~1.0.3\",\n        \"etag\": \"~1.8.1\",\n        \"finalhandler\": \"1.2.0\",\n        \"fresh\": \"0.5.2\",\n        \"http-errors\": \"2.0.0\",\n        \"merge-descriptors\": \"1.0.1\",\n        \"methods\": \"~1.1.2\",\n        \"on-finished\": \"2.4.1\",\n        \"parseurl\": \"~1.3.3\",\n        \"path-to-regexp\": \"0.1.7\",\n        \"proxy-addr\": \"~2.0.7\",\n        \"qs\": \"6.11.0\",\n        \"range-parser\": \"~1.2.1\",\n        \"safe-buffer\": \"5.2.1\",\n        \"send\": \"0.18.0\",\n        \"serve-static\": \"1.15.0\",\n        \"setprototypeof\": \"1.2.0\",\n        \"statuses\": \"2.0.1\",\n        \"type-is\": \"~1.6.18\",\n        \"utils-merge\": \"1.0.1\",\n        \"vary\": \"~1.1.2\"\n      },\n      \"engines\": {\n        \"node\": \">= 0.10.0\"\n      }\n    },\n    \"node_modules/finalhandler\": {\n      \"version\": \"1.2.0\",\n      \"resolved\": \"https://registry.npmjs.org/finalhandler/-/finalhandler-1.2.0.tgz\",\n      \"integrity\": \"sha512-5uXcUVftlQMFnWC9qu/svkWv3GTd2PfUhK/3PLkYNAe7FbqJMt3515HaxE6eRL74GdsriiwujiawdaB1BpEISg==\",\n      \"dependencies\": {\n        \"debug\": \"2.6.9\",\n        \"encodeurl\": \"~1.0.2\",\n        \"escape-html\": \"~1.0.3\",\n        \"on-finished\": \"2.4.1\",\n        \"parseurl\": \"~1.3.3\",\n        \"statuses\": \"2.0.1\",\n        \"unpipe\": \"~1.0.0\"\n      },\n      \"engines\": {\n        \"node\": \">= 0.8\"\n      }\n    },\n    \"node_modules/form-data\": {\n      \"version\": \"4.0.0\",\n      \"resolved\": \"https://registry.npmjs.org/form-data/-/form-data-4.0.0.tgz\",\n      \"integrity\": \"sha512-ETEklSGi5t0QMZuiXoA/Q6vcnxcLQP5vdugSpuAyi6SVGi2clPPp+xgEhuMaHC+zGgn31Kd235W35f7Hykkaww==\",\n      \"dependencies\": {\n        \"asynckit\": \"^0.4.0\",\n        \"combined-stream\": \"^1.0.8\",\n        \"mime-types\": \"^2.1.12\"\n      },\n      \"engines\": {\n        \"node\": \">= 6\"\n      }\n    },\n    \"node_modules/form-data-encoder\": {\n      \"version\": \"1.7.2\",\n      \"resolved\": \"https://registry.npmjs.org/form-data-encoder/-/form-data-encoder-1.7.2.tgz\",\n      \"integrity\": \"sha512-qfqtYan3rxrnCk1VYaA4H+Ms9xdpPqvLZa6xmMgFvhO32x7/3J/ExcTd6qpxM0vH2GdMI+poehyBZvqfMTto8A==\"\n    },\n    \"node_modules/formdata-node\": {\n      \"version\": \"4.4.1\",\n      \"resolved\": \"https://registry.npmjs.org/formdata-node/-/formdata-node-4.4.1.tgz\",\n      \"integrity\": \"sha512-0iirZp3uVDjVGt9p49aTaqjk84TrglENEDuqfdlZQ1roC9CWlPk6Avf8EEnZNcAqPonwkG35x4n3ww/1THYAeQ==\",\n      \"dependencies\": {\n        \"node-domexception\": \"1.0.0\",\n        \"web-streams-polyfill\": \"4.0.0-beta.3\"\n      },\n      \"engines\": {\n        \"node\": \">= 12.20\"\n      }\n    },\n    \"node_modules/formdata-node/node_modules/web-streams-polyfill\": {\n      \"version\": \"4.0.0-beta.3\",\n      \"resolved\": \"https://registry.npmjs.org/web-streams-polyfill/-/web-streams-polyfill-4.0.0-beta.3.tgz\",\n      \"integrity\": \"sha512-QW95TCTaHmsYfHDybGMwO5IJIM93I/6vTRk+daHTWFPhwh+C8Cg7j7XyKrwrj8Ib6vYXe0ocYNrmzY4xAAN6ug==\",\n      \"engines\": {\n        \"node\": \">= 14\"\n      }\n    },\n    \"node_modules/forwarded\": {\n      \"version\": \"0.2.0\",\n      \"resolved\": \"https://registry.npmjs.org/forwarded/-/forwarded-0.2.0.tgz\",\n      \"integrity\": \"sha512-buRG0fpBtRHSTCOASe6hD258tEubFoRLb4ZNA6NxMVHNw2gOcwHo9wyablzMzOA5z9xA9L1KNjk/Nt6MT9aYow==\",\n      \"engines\": {\n        \"node\": \">= 0.6\"\n      }\n    },\n    \"node_modules/fresh\": {\n      \"version\": \"0.5.2\",\n      \"resolved\": \"https://registry.npmjs.org/fresh/-/fresh-0.5.2.tgz\",\n      \"integrity\": \"sha512-zJ2mQYM18rEFOudeV4GShTGIQ7RbzA7ozbU9I/XBpm7kqgMywgmylMwXHxZJmkVoYkna9d2pVXVXPdYTP9ej8Q==\",\n      \"engines\": {\n        \"node\": \">= 0.6\"\n      }\n    },\n    \"node_modules/function-bind\": {\n      \"version\": \"1.1.2\",\n      \"resolved\": \"https://registry.npmjs.org/function-bind/-/function-bind-1.1.2.tgz\",\n      \"integrity\": \"sha512-7XHNxH7qX9xG5mIwxkhumTox/MIRNcOgDrxWsMt2pAr23WHp6MrRlN7FBSFpCpr+oVO0F744iUgR82nJMfG2SA==\",\n      \"funding\": {\n        \"url\": \"https://github.com/sponsors/ljharb\"\n      }\n    },\n    \"node_modules/get-intrinsic\": {\n      \"version\": \"1.2.4\",\n      \"resolved\": \"https://registry.npmjs.org/get-intrinsic/-/get-intrinsic-1.2.4.tgz\",\n      \"integrity\": \"sha512-5uYhsJH8VJBTv7oslg4BznJYhDoRI6waYCxMmCdnTrcCrHA/fCFKoTFz2JKKE0HdDFUF7/oQuhzumXJK7paBRQ==\",\n      \"dependencies\": {\n        \"es-errors\": \"^1.3.0\",\n        \"function-bind\": \"^1.1.2\",\n        \"has-proto\": \"^1.0.1\",\n        \"has-symbols\": \"^1.0.3\",\n        \"hasown\": \"^2.0.0\"\n      },\n      \"engines\": {\n        \"node\": \">= 0.4\"\n      },\n      \"funding\": {\n        \"url\": \"https://github.com/sponsors/ljharb\"\n      }\n    },\n    \"node_modules/gopd\": {\n      \"version\": \"1.0.1\",\n      \"resolved\": \"https://registry.npmjs.org/gopd/-/gopd-1.0.1.tgz\",\n      \"integrity\": \"sha512-d65bNlIadxvpb/A2abVdlqKqV563juRnZ1Wtk6s1sIR8uNsXR70xqIzVqxVf1eTqDunwT2MkczEeaezCKTZhwA==\",\n      \"dependencies\": {\n        \"get-intrinsic\": \"^1.1.3\"\n      },\n      \"funding\": {\n        \"url\": \"https://github.com/sponsors/ljharb\"\n      }\n    },\n    \"node_modules/has-property-descriptors\": {\n      \"version\": \"1.0.2\",\n      \"resolved\": \"https://registry.npmjs.org/has-property-descriptors/-/has-property-descriptors-1.0.2.tgz\",\n      \"integrity\": \"sha512-55JNKuIW+vq4Ke1BjOTjM2YctQIvCT7GFzHwmfZPGo5wnrgkid0YQtnAleFSqumZm4az3n2BS+erby5ipJdgrg==\",\n      \"dependencies\": {\n        \"es-define-property\": \"^1.0.0\"\n      },\n      \"funding\": {\n        \"url\": \"https://github.com/sponsors/ljharb\"\n      }\n    },\n    \"node_modules/has-proto\": {\n      \"version\": \"1.0.3\",\n      \"resolved\": \"https://registry.npmjs.org/has-proto/-/has-proto-1.0.3.tgz\",\n      \"integrity\": \"sha512-SJ1amZAJUiZS+PhsVLf5tGydlaVB8EdFpaSO4gmiUKUOxk8qzn5AIy4ZeJUmh22znIdk/uMAUT2pl3FxzVUH+Q==\",\n      \"engines\": {\n        \"node\": \">= 0.4\"\n      },\n      \"funding\": {\n        \"url\": \"https://github.com/sponsors/ljharb\"\n      }\n    },\n    \"node_modules/has-symbols\": {\n      \"version\": \"1.0.3\",\n      \"resolved\": \"https://registry.npmjs.org/has-symbols/-/has-symbols-1.0.3.tgz\",\n      \"integrity\": \"sha512-l3LCuF6MgDNwTDKkdYGEihYjt5pRPbEg46rtlmnSPlUbgmB8LOIrKJbYYFBSbnPaJexMKtiPO8hmeRjRz2Td+A==\",\n      \"engines\": {\n        \"node\": \">= 0.4\"\n      },\n      \"funding\": {\n        \"url\": \"https://github.com/sponsors/ljharb\"\n      }\n    },\n    \"node_modules/hasown\": {\n      \"version\": \"2.0.2\",\n      \"resolved\": \"https://registry.npmjs.org/hasown/-/hasown-2.0.2.tgz\",\n      \"integrity\": \"sha512-0hJU9SCPvmMzIBdZFqNPXWa6dqh7WdH0cII9y+CyS8rG3nL48Bclra9HmKhVVUHyPWNH5Y7xDwAB7bfgSjkUMQ==\",\n      \"dependencies\": {\n        \"function-bind\": \"^1.1.2\"\n      },\n      \"engines\": {\n        \"node\": \">= 0.4\"\n      }\n    },\n    \"node_modules/http-errors\": {\n      \"version\": \"2.0.0\",\n      \"resolved\": \"https://registry.npmjs.org/http-errors/-/http-errors-2.0.0.tgz\",\n      \"integrity\": \"sha512-FtwrG/euBzaEjYeRqOgly7G0qviiXoJWnvEH2Z1plBdXgbyjv34pHTSb9zoeHMyDy33+DWy5Wt9Wo+TURtOYSQ==\",\n      \"dependencies\": {\n        \"depd\": \"2.0.0\",\n        \"inherits\": \"2.0.4\",\n        \"setprototypeof\": \"1.2.0\",\n        \"statuses\": \"2.0.1\",\n        \"toidentifier\": \"1.0.1\"\n      },\n      \"engines\": {\n        \"node\": \">= 0.8\"\n      }\n    },\n    \"node_modules/humanize-ms\": {\n      \"version\": \"1.2.1\",\n      \"resolved\": \"https://registry.npmjs.org/humanize-ms/-/humanize-ms-1.2.1.tgz\",\n      \"integrity\": \"sha512-Fl70vYtsAFb/C06PTS9dZBo7ihau+Tu/DNCk/OyHhea07S+aeMWpFFkUaXRa8fI+ScZbEI8dfSxwY7gxZ9SAVQ==\",\n      \"dependencies\": {\n        \"ms\": \"^2.0.0\"\n      }\n    },\n    \"node_modules/iconv-lite\": {\n      \"version\": \"0.4.24\",\n      \"resolved\": \"https://registry.npmjs.org/iconv-lite/-/iconv-lite-0.4.24.tgz\",\n      \"integrity\": \"sha512-v3MXnZAcvnywkTUEZomIActle7RXXeedOR31wwl7VlyoXO4Qi9arvSenNQWne1TcRwhCL1HwLI21bEqdpj8/rA==\",\n      \"dependencies\": {\n        \"safer-buffer\": \">= 2.1.2 < 3\"\n      },\n      \"engines\": {\n        \"node\": \">=0.10.0\"\n      }\n    },\n    \"node_modules/inherits\": {\n      \"version\": \"2.0.4\",\n      \"resolved\": \"https://registry.npmjs.org/inherits/-/inherits-2.0.4.tgz\",\n      \"integrity\": \"sha512-k/vGaX4/Yla3WzyMCvTQOXYeIHvqOKtnqBduzTHpzpQZzAskKMhZ2K+EnBiSM9zGSoIFeMpXKxa4dYeZIQqewQ==\"\n    },\n    \"node_modules/ipaddr.js\": {\n      \"version\": \"1.9.1\",\n      \"resolved\": \"https://registry.npmjs.org/ipaddr.js/-/ipaddr.js-1.9.1.tgz\",\n      \"integrity\": \"sha512-0KI/607xoxSToH7GjN1FfSbLoU0+btTicjsQSWQlh/hZykN8KpmMf7uYwPW3R+akZ6R/w18ZlXSHBYXiYUPO3g==\",\n      \"engines\": {\n        \"node\": \">= 0.10\"\n      }\n    },\n    \"node_modules/media-typer\": {\n      \"version\": \"0.3.0\",\n      \"resolved\": \"https://registry.npmjs.org/media-typer/-/media-typer-0.3.0.tgz\",\n      \"integrity\": \"sha512-dq+qelQ9akHpcOl/gUVRTxVIOkAJ1wR3QAvb4RsVjS8oVoFjDGTc679wJYmUmknUF5HwMLOgb5O+a3KxfWapPQ==\",\n      \"engines\": {\n        \"node\": \">= 0.6\"\n      }\n    },\n    \"node_modules/merge-descriptors\": {\n      \"version\": \"1.0.1\",\n      \"resolved\": \"https://registry.npmjs.org/merge-descriptors/-/merge-descriptors-1.0.1.tgz\",\n      \"integrity\": \"sha512-cCi6g3/Zr1iqQi6ySbseM1Xvooa98N0w31jzUYrXPX2xqObmFGHJ0tQ5u74H3mVh7wLouTseZyYIq39g8cNp1w==\"\n    },\n    \"node_modules/methods\": {\n      \"version\": \"1.1.2\",\n      \"resolved\": \"https://registry.npmjs.org/methods/-/methods-1.1.2.tgz\",\n      \"integrity\": \"sha512-iclAHeNqNm68zFtnZ0e+1L2yUIdvzNoauKU4WBA3VvH/vPFieF7qfRlwUZU+DA9P9bPXIS90ulxoUoCH23sV2w==\",\n      \"engines\": {\n        \"node\": \">= 0.6\"\n      }\n    },\n    \"node_modules/mime\": {\n      \"version\": \"1.6.0\",\n      \"resolved\": \"https://registry.npmjs.org/mime/-/mime-1.6.0.tgz\",\n      \"integrity\": \"sha512-x0Vn8spI+wuJ1O6S7gnbaQg8Pxh4NNHb7KSINmEWKiPE4RKOplvijn+NkmYmmRgP68mc70j2EbeTFRsrswaQeg==\",\n      \"bin\": {\n        \"mime\": \"cli.js\"\n      },\n      \"engines\": {\n        \"node\": \">=4\"\n      }\n    },\n    \"node_modules/mime-db\": {\n      \"version\": \"1.52.0\",\n      \"resolved\": \"https://registry.npmjs.org/mime-db/-/mime-db-1.52.0.tgz\",\n      \"integrity\": \"sha512-sPU4uV7dYlvtWJxwwxHD0PuihVNiE7TyAbQ5SWxDCB9mUYvOgroQOwYQQOKPJ8CIbE+1ETVlOoK1UC2nU3gYvg==\",\n      \"engines\": {\n        \"node\": \">= 0.6\"\n      }\n    },\n    \"node_modules/mime-types\": {\n      \"version\": \"2.1.35\",\n      \"resolved\": \"https://registry.npmjs.org/mime-types/-/mime-types-2.1.35.tgz\",\n      \"integrity\": \"sha512-ZDY+bPm5zTTF+YpCrAU9nK0UgICYPT0QtT1NZWFv4s++TNkcgVaT0g6+4R2uI4MjQjzysHB1zxuWL50hzaeXiw==\",\n      \"dependencies\": {\n        \"mime-db\": \"1.52.0\"\n      },\n      \"engines\": {\n        \"node\": \">= 0.6\"\n      }\n    },\n    \"node_modules/ms\": {\n      \"version\": \"2.0.0\",\n      \"resolved\": \"https://registry.npmjs.org/ms/-/ms-2.0.0.tgz\",\n      \"integrity\": \"sha512-Tpp60P6IUJDTuOq/5Z8cdskzJujfwqfOTkrwIwj7IRISpnkJnT6SyJ4PCPnGMoFjC9ddhal5KVIYtAt97ix05A==\"\n    },\n    \"node_modules/negotiator\": {\n      \"version\": \"0.6.3\",\n      \"resolved\": \"https://registry.npmjs.org/negotiator/-/negotiator-0.6.3.tgz\",\n      \"integrity\": \"sha512-+EUsqGPLsM+j/zdChZjsnX51g4XrHFOIXwfnCVPGlQk/k5giakcKsuxCObBRu6DSm9opw/O6slWbJdghQM4bBg==\",\n      \"engines\": {\n        \"node\": \">= 0.6\"\n      }\n    },\n    \"node_modules/node-domexception\": {\n      \"version\": \"1.0.0\",\n      \"resolved\": \"https://registry.npmjs.org/node-domexception/-/node-domexception-1.0.0.tgz\",\n      \"integrity\": \"sha512-/jKZoMpw0F8GRwl4/eLROPA3cfcXtLApP0QzLmUT/HuPCZWyB7IY9ZrMeKw2O/nFIqPQB3PVM9aYm0F312AXDQ==\",\n      \"funding\": [\n        {\n          \"type\": \"github\",\n          \"url\": \"https://github.com/sponsors/jimmywarting\"\n        },\n        {\n          \"type\": \"github\",\n          \"url\": \"https://paypal.me/jimmywarting\"\n        }\n      ],\n      \"engines\": {\n        \"node\": \">=10.5.0\"\n      }\n    },\n    \"node_modules/node-fetch\": {\n      \"version\": \"2.7.0\",\n      \"resolved\": \"https://registry.npmjs.org/node-fetch/-/node-fetch-2.7.0.tgz\",\n      \"integrity\": \"sha512-c4FRfUm/dbcWZ7U+1Wq0AwCyFL+3nt2bEw05wfxSz+DWpWsitgmSgYmy2dQdWyKC1694ELPqMs/YzUSNozLt8A==\",\n      \"dependencies\": {\n        \"whatwg-url\": \"^5.0.0\"\n      },\n      \"engines\": {\n        \"node\": \"4.x || >=6.0.0\"\n      },\n      \"peerDependencies\": {\n        \"encoding\": \"^0.1.0\"\n      },\n      \"peerDependenciesMeta\": {\n        \"encoding\": {\n          \"optional\": true\n        }\n      }\n    },\n    \"node_modules/object-inspect\": {\n      \"version\": \"1.13.1\",\n      \"resolved\": \"https://registry.npmjs.org/object-inspect/-/object-inspect-1.13.1.tgz\",\n      \"integrity\": \"sha512-5qoj1RUiKOMsCCNLV1CBiPYE10sziTsnmNxkAI/rZhiD63CF7IqdFGC/XzjWjpSgLf0LxXX3bDFIh0E18f6UhQ==\",\n      \"funding\": {\n        \"url\": \"https://github.com/sponsors/ljharb\"\n      }\n    },\n    \"node_modules/on-finished\": {\n      \"version\": \"2.4.1\",\n      \"resolved\": \"https://registry.npmjs.org/on-finished/-/on-finished-2.4.1.tgz\",\n      \"integrity\": \"sha512-oVlzkg3ENAhCk2zdv7IJwd/QUD4z2RxRwpkcGY8psCVcCYZNq4wYnVWALHM+brtuJjePWiYF/ClmuDr8Ch5+kg==\",\n      \"dependencies\": {\n        \"ee-first\": \"1.1.1\"\n      },\n      \"engines\": {\n        \"node\": \">= 0.8\"\n      }\n    },\n    \"node_modules/openai\": {\n      \"version\": \"4.47.1\",\n      \"resolved\": \"https://registry.npmjs.org/openai/-/openai-4.47.1.tgz\",\n      \"integrity\": \"sha512-WWSxhC/69ZhYWxH/OBsLEirIjUcfpQ5+ihkXKp06hmeYXgBBIUCa9IptMzYx6NdkiOCsSGYCnTIsxaic3AjRCQ==\",\n      \"dependencies\": {\n        \"@types/node\": \"^18.11.18\",\n        \"@types/node-fetch\": \"^2.6.4\",\n        \"abort-controller\": \"^3.0.0\",\n        \"agentkeepalive\": \"^4.2.1\",\n        \"form-data-encoder\": \"1.7.2\",\n        \"formdata-node\": \"^4.3.2\",\n        \"node-fetch\": \"^2.6.7\",\n        \"web-streams-polyfill\": \"^3.2.1\"\n      },\n      \"bin\": {\n        \"openai\": \"bin/cli\"\n      }\n    },\n    \"node_modules/parseurl\": {\n      \"version\": \"1.3.3\",\n      \"resolved\": \"https://registry.npmjs.org/parseurl/-/parseurl-1.3.3.tgz\",\n      \"integrity\": \"sha512-CiyeOxFT/JZyN5m0z9PfXw4SCBJ6Sygz1Dpl0wqjlhDEGGBP1GnsUVEL0p63hoG1fcj3fHynXi9NYO4nWOL+qQ==\",\n      \"engines\": {\n        \"node\": \">= 0.8\"\n      }\n    },\n    \"node_modules/path-to-regexp\": {\n      \"version\": \"0.1.7\",\n      \"resolved\": \"https://registry.npmjs.org/path-to-regexp/-/path-to-regexp-0.1.7.tgz\",\n      \"integrity\": \"sha512-5DFkuoqlv1uYQKxy8omFBeJPQcdoE07Kv2sferDCrAq1ohOU+MSDswDIbnx3YAM60qIOnYa53wBhXW0EbMonrQ==\"\n    },\n    \"node_modules/proxy-addr\": {\n      \"version\": \"2.0.7\",\n      \"resolved\": \"https://registry.npmjs.org/proxy-addr/-/proxy-addr-2.0.7.tgz\",\n      \"integrity\": \"sha512-llQsMLSUDUPT44jdrU/O37qlnifitDP+ZwrmmZcoSKyLKvtZxpyV0n2/bD/N4tBAAZ/gJEdZU7KMraoK1+XYAg==\",\n      \"dependencies\": {\n        \"forwarded\": \"0.2.0\",\n        \"ipaddr.js\": \"1.9.1\"\n      },\n      \"engines\": {\n        \"node\": \">= 0.10\"\n      }\n    },\n    \"node_modules/qs\": {\n      \"version\": \"6.11.0\",\n      \"resolved\": \"https://registry.npmjs.org/qs/-/qs-6.11.0.tgz\",\n      \"integrity\": \"sha512-MvjoMCJwEarSbUYk5O+nmoSzSutSsTwF85zcHPQ9OrlFoZOYIjaqBAJIqIXjptyD5vThxGq52Xu/MaJzRkIk4Q==\",\n      \"dependencies\": {\n        \"side-channel\": \"^1.0.4\"\n      },\n      \"engines\": {\n        \"node\": \">=0.6\"\n      },\n      \"funding\": {\n        \"url\": \"https://github.com/sponsors/ljharb\"\n      }\n    },\n    \"node_modules/range-parser\": {\n      \"version\": \"1.2.1\",\n      \"resolved\": \"https://registry.npmjs.org/range-parser/-/range-parser-1.2.1.tgz\",\n      \"integrity\": \"sha512-Hrgsx+orqoygnmhFbKaHE6c296J+HTAQXoxEF6gNupROmmGJRoyzfG3ccAveqCBrwr/2yxQ5BVd/GTl5agOwSg==\",\n      \"engines\": {\n        \"node\": \">= 0.6\"\n      }\n    },\n    \"node_modules/raw-body\": {\n      \"version\": \"2.5.2\",\n      \"resolved\": \"https://registry.npmjs.org/raw-body/-/raw-body-2.5.2.tgz\",\n      \"integrity\": \"sha512-8zGqypfENjCIqGhgXToC8aB2r7YrBX+AQAfIPs/Mlk+BtPTztOvTS01NRW/3Eh60J+a48lt8qsCzirQ6loCVfA==\",\n      \"dependencies\": {\n        \"bytes\": \"3.1.2\",\n        \"http-errors\": \"2.0.0\",\n        \"iconv-lite\": \"0.4.24\",\n        \"unpipe\": \"1.0.0\"\n      },\n      \"engines\": {\n        \"node\": \">= 0.8\"\n      }\n    },\n    \"node_modules/safe-buffer\": {\n      \"version\": \"5.2.1\",\n      \"resolved\": \"https://registry.npmjs.org/safe-buffer/-/safe-buffer-5.2.1.tgz\",\n      \"integrity\": \"sha512-rp3So07KcdmmKbGvgaNxQSJr7bGVSVk5S9Eq1F+ppbRo70+YeaDxkw5Dd8NPN+GD6bjnYm2VuPuCXmpuYvmCXQ==\",\n      \"funding\": [\n        {\n          \"type\": \"github\",\n          \"url\": \"https://github.com/sponsors/feross\"\n        },\n        {\n          \"type\": \"patreon\",\n          \"url\": \"https://www.patreon.com/feross\"\n        },\n        {\n          \"type\": \"consulting\",\n          \"url\": \"https://feross.org/support\"\n        }\n      ]\n    },\n    \"node_modules/safer-buffer\": {\n      \"version\": \"2.1.2\",\n      \"resolved\": \"https://registry.npmjs.org/safer-buffer/-/safer-buffer-2.1.2.tgz\",\n      \"integrity\": \"sha512-YZo3K82SD7Riyi0E1EQPojLz7kpepnSQI9IyPbHHg1XXXevb5dJI7tpyN2ADxGcQbHG7vcyRHk0cbwqcQriUtg==\"\n    },\n    \"node_modules/send\": {\n      \"version\": \"0.18.0\",\n      \"resolved\": \"https://registry.npmjs.org/send/-/send-0.18.0.tgz\",\n      \"integrity\": \"sha512-qqWzuOjSFOuqPjFe4NOsMLafToQQwBSOEpS+FwEt3A2V3vKubTquT3vmLTQpFgMXp8AlFWFuP1qKaJZOtPpVXg==\",\n      \"dependencies\": {\n        \"debug\": \"2.6.9\",\n        \"depd\": \"2.0.0\",\n        \"destroy\": \"1.2.0\",\n        \"encodeurl\": \"~1.0.2\",\n        \"escape-html\": \"~1.0.3\",\n        \"etag\": \"~1.8.1\",\n        \"fresh\": \"0.5.2\",\n        \"http-errors\": \"2.0.0\",\n        \"mime\": \"1.6.0\",\n        \"ms\": \"2.1.3\",\n        \"on-finished\": \"2.4.1\",\n        \"range-parser\": \"~1.2.1\",\n        \"statuses\": \"2.0.1\"\n      },\n      \"engines\": {\n        \"node\": \">= 0.8.0\"\n      }\n    },\n    \"node_modules/send/node_modules/ms\": {\n      \"version\": \"2.1.3\",\n      \"resolved\": \"https://registry.npmjs.org/ms/-/ms-2.1.3.tgz\",\n      \"integrity\": \"sha512-6FlzubTLZG3J2a/NVCAleEhjzq5oxgHyaCU9yYXvcLsvoVaHJq/s5xXI6/XXP6tz7R9xAOtHnSO/tXtF3WRTlA==\"\n    },\n    \"node_modules/serve-static\": {\n      \"version\": \"1.15.0\",\n      \"resolved\": \"https://registry.npmjs.org/serve-static/-/serve-static-1.15.0.tgz\",\n      \"integrity\": \"sha512-XGuRDNjXUijsUL0vl6nSD7cwURuzEgglbOaFuZM9g3kwDXOWVTck0jLzjPzGD+TazWbboZYu52/9/XPdUgne9g==\",\n      \"dependencies\": {\n        \"encodeurl\": \"~1.0.2\",\n        \"escape-html\": \"~1.0.3\",\n        \"parseurl\": \"~1.3.3\",\n        \"send\": \"0.18.0\"\n      },\n      \"engines\": {\n        \"node\": \">= 0.8.0\"\n      }\n    },\n    \"node_modules/set-function-length\": {\n      \"version\": \"1.2.2\",\n      \"resolved\": \"https://registry.npmjs.org/set-function-length/-/set-function-length-1.2.2.tgz\",\n      \"integrity\": \"sha512-pgRc4hJ4/sNjWCSS9AmnS40x3bNMDTknHgL5UaMBTMyJnU90EgWh1Rz+MC9eFu4BuN/UwZjKQuY/1v3rM7HMfg==\",\n      \"dependencies\": {\n        \"define-data-property\": \"^1.1.4\",\n        \"es-errors\": \"^1.3.0\",\n        \"function-bind\": \"^1.1.2\",\n        \"get-intrinsic\": \"^1.2.4\",\n        \"gopd\": \"^1.0.1\",\n        \"has-property-descriptors\": \"^1.0.2\"\n      },\n      \"engines\": {\n        \"node\": \">= 0.4\"\n      }\n    },\n    \"node_modules/setprototypeof\": {\n      \"version\": \"1.2.0\",\n      \"resolved\": \"https://registry.npmjs.org/setprototypeof/-/setprototypeof-1.2.0.tgz\",\n      \"integrity\": \"sha512-E5LDX7Wrp85Kil5bhZv46j8jOeboKq5JMmYM3gVGdGH8xFpPWXUMsNrlODCrkoxMEeNi/XZIwuRvY4XNwYMJpw==\"\n    },\n    \"node_modules/side-channel\": {\n      \"version\": \"1.0.6\",\n      \"resolved\": \"https://registry.npmjs.org/side-channel/-/side-channel-1.0.6.tgz\",\n      \"integrity\": \"sha512-fDW/EZ6Q9RiO8eFG8Hj+7u/oW+XrPTIChwCOM2+th2A6OblDtYYIpve9m+KvI9Z4C9qSEXlaGR6bTEYHReuglA==\",\n      \"dependencies\": {\n        \"call-bind\": \"^1.0.7\",\n        \"es-errors\": \"^1.3.0\",\n        \"get-intrinsic\": \"^1.2.4\",\n        \"object-inspect\": \"^1.13.1\"\n      },\n      \"engines\": {\n        \"node\": \">= 0.4\"\n      },\n      \"funding\": {\n        \"url\": \"https://github.com/sponsors/ljharb\"\n      }\n    },\n    \"node_modules/statuses\": {\n      \"version\": \"2.0.1\",\n      \"resolved\": \"https://registry.npmjs.org/statuses/-/statuses-2.0.1.tgz\",\n      \"integrity\": \"sha512-RwNA9Z/7PrK06rYLIzFMlaF+l73iwpzsqRIFgbMLbTcLD6cOao82TaWefPXQvB2fOC4AjuYSEndS7N/mTCbkdQ==\",\n      \"engines\": {\n        \"node\": \">= 0.8\"\n      }\n    },\n    \"node_modules/toidentifier\": {\n      \"version\": \"1.0.1\",\n      \"resolved\": \"https://registry.npmjs.org/toidentifier/-/toidentifier-1.0.1.tgz\",\n      \"integrity\": \"sha512-o5sSPKEkg/DIQNmH43V0/uerLrpzVedkUh8tGNvaeXpfpuwjKenlSox/2O/BTlZUtEe+JG7s5YhEz608PlAHRA==\",\n      \"engines\": {\n        \"node\": \">=0.6\"\n      }\n    },\n    \"node_modules/tr46\": {\n      \"version\": \"0.0.3\",\n      \"resolved\": \"https://registry.npmjs.org/tr46/-/tr46-0.0.3.tgz\",\n      \"integrity\": \"sha512-N3WMsuqV66lT30CrXNbEjx4GEwlow3v6rr4mCcv6prnfwhS01rkgyFdjPNBYd9br7LpXV1+Emh01fHnq2Gdgrw==\"\n    },\n    \"node_modules/type-is\": {\n      \"version\": \"1.6.18\",\n      \"resolved\": \"https://registry.npmjs.org/type-is/-/type-is-1.6.18.tgz\",\n      \"integrity\": \"sha512-TkRKr9sUTxEH8MdfuCSP7VizJyzRNMjj2J2do2Jr3Kym598JVdEksuzPQCnlFPW4ky9Q+iA+ma9BGm06XQBy8g==\",\n      \"dependencies\": {\n        \"media-typer\": \"0.3.0\",\n        \"mime-types\": \"~2.1.24\"\n      },\n      \"engines\": {\n        \"node\": \">= 0.6\"\n      }\n    },\n    \"node_modules/undici-types\": {\n      \"version\": \"5.26.5\",\n      \"resolved\": \"https://registry.npmjs.org/undici-types/-/undici-types-5.26.5.tgz\",\n      \"integrity\": \"sha512-JlCMO+ehdEIKqlFxk6IfVoAUVmgz7cU7zD/h9XZ0qzeosSHmUJVOzSQvvYSYWXkFXC+IfLKSIffhv0sVZup6pA==\"\n    },\n    \"node_modules/unpipe\": {\n      \"version\": \"1.0.0\",\n      \"resolved\": \"https://registry.npmjs.org/unpipe/-/unpipe-1.0.0.tgz\",\n      \"integrity\": \"sha512-pjy2bYhSsufwWlKwPc+l3cN7+wuJlK6uz0YdJEOlQDbl6jo/YlPi4mb8agUkVC8BF7V8NuzeyPNqRksA3hztKQ==\",\n      \"engines\": {\n        \"node\": \">= 0.8\"\n      }\n    },\n    \"node_modules/utils-merge\": {\n      \"version\": \"1.0.1\",\n      \"resolved\": \"https://registry.npmjs.org/utils-merge/-/utils-merge-1.0.1.tgz\",\n      \"integrity\": \"sha512-pMZTvIkT1d+TFGvDOqodOclx0QWkkgi6Tdoa8gC8ffGAAqz9pzPTZWAybbsHHoED/ztMtkv/VoYTYyShUn81hA==\",\n      \"engines\": {\n        \"node\": \">= 0.4.0\"\n      }\n    },\n    \"node_modules/vary\": {\n      \"version\": \"1.1.2\",\n      \"resolved\": \"https://registry.npmjs.org/vary/-/vary-1.1.2.tgz\",\n      \"integrity\": \"sha512-BNGbWLfd0eUPabhkXUVm0j8uuvREyTh5ovRa/dyow/BqAbZJyC+5fU+IzQOzmAKzYqYRAISoRhdQr3eIZ/PXqg==\",\n      \"engines\": {\n        \"node\": \">= 0.8\"\n      }\n    },\n    \"node_modules/web-streams-polyfill\": {\n      \"version\": \"3.3.3\",\n      \"resolved\": \"https://registry.npmjs.org/web-streams-polyfill/-/web-streams-polyfill-3.3.3.tgz\",\n      \"integrity\": \"sha512-d2JWLCivmZYTSIoge9MsgFCZrt571BikcWGYkjC1khllbTeDlGqZ2D8vD8E/lJa8WGWbb7Plm8/XJYV7IJHZZw==\",\n      \"engines\": {\n        \"node\": \">= 8\"\n      }\n    },\n    \"node_modules/webidl-conversions\": {\n      \"version\": \"3.0.1\",\n      \"resolved\": \"https://registry.npmjs.org/webidl-conversions/-/webidl-conversions-3.0.1.tgz\",\n      \"integrity\": \"sha512-2JAn3z8AR6rjK8Sm8orRC0h/bcl/DqL7tRPdGZ4I1CjdF+EaMLmYxBHyXuKL849eucPFhvBoxMsflfOb8kxaeQ==\"\n    },\n    \"node_modules/whatwg-url\": {\n      \"version\": \"5.0.0\",\n      \"resolved\": \"https://registry.npmjs.org/whatwg-url/-/whatwg-url-5.0.0.tgz\",\n      \"integrity\": \"sha512-saE57nupxk6v3HY35+jzBwYa0rKSy0XR8JSxZPwgLr7ys0IBzhGviA1/TUGJLmSVqs8pb9AnvICXEuOHLprYTw==\",\n      \"dependencies\": {\n        \"tr46\": \"~0.0.3\",\n        \"webidl-conversions\": \"^3.0.0\"\n      }\n    }\n  }\n}\n",
    "Essay-app-main/backend/package.json": "{\n  \"name\": \"backend\",\n  \"version\": \"1.0.0\",\n  \"description\": \"\",\n  \"main\": \"index.js\",\n  \"scripts\": {\n    \"test\": \"echo \\\"Error: no test specified\\\" && exit 1\"\n  },\n  \"keywords\": [],\n  \"author\": \"\",\n  \"license\": \"ISC\",\n  \"dependencies\": {\n    \"express\": \"^4.19.2\",\n    \"openai\": \"^4.47.1\"\n  }\n}\n",
    "Essay-app-main/frontend/.eslintrc.json": "{\n  \"extends\": \"next/core-web-vitals\"\n}\n",
    "Essay-app-main/frontend/.gitignore": "# See https://help.github.com/articles/ignoring-files/ for more about ignoring files.\n\n# dependencies\n/node_modules\n/.pnp\n.pnp.js\n.yarn/install-state.gz\n\n# testing\n/coverage\n\n# next.js\n/.next/\n/out/\n\n# production\n/build\n\n# misc\n.DS_Store\n*.pem\n\n# debug\nnpm-debug.log*\nyarn-debug.log*\nyarn-error.log*\n\n# local env files\n.env*.local\n\n# vercel\n.vercel\n\n# typescript\n*.tsbuildinfo\nnext-env.d.ts\n",
    "Essay-app-main/frontend/README.md": "This is a [Next.js](https://nextjs.org/) project bootstrapped with [`create-next-app`](https://github.com/vercel/next.js/tree/canary/packages/create-next-app).\n\n## Getting Started\n\nFirst, run the development server:\n\n```bash\nnpm run dev\n# or\nyarn dev\n# or\npnpm dev\n# or\nbun dev\n```\n\nOpen [http://localhost:3000](http://localhost:3000) with your browser to see the result.\n\nYou can start editing the page by modifying `app/page.js`. The page auto-updates as you edit the file.\n\nThis project uses [`next/font`](https://nextjs.org/docs/basic-features/font-optimization) to automatically optimize and load Inter, a custom Google Font.\n\n## Learn More\n\nTo learn more about Next.js, take a look at the following resources:\n\n- [Next.js Documentation](https://nextjs.org/docs) - learn about Next.js features and API.\n- [Learn Next.js](https://nextjs.org/learn) - an interactive Next.js tutorial.\n\nYou can check out [the Next.js GitHub repository](https://github.com/vercel/next.js/) - your feedback and contributions are welcome!\n\n## Deploy on Vercel\n\nThe easiest way to deploy your Next.js app is to use the [Vercel Platform](https://vercel.com/new?utm_medium=default-template&filter=next.js&utm_source=create-next-app&utm_campaign=create-next-app-readme) from the creators of Next.js.\n\nCheck out our [Next.js deployment documentation](https://nextjs.org/docs/deployment) for more details.\n",
    "Essay-app-main/frontend/app/EssayForm.js": "import React, { useState } from 'react';\nimport { useRouter } from 'next/router';\n\nconst EssayForm = () => {\n  const [context, setContext] = useState('');\n  const [prompt, setPrompt] = useState('');\n  const router = useRouter();\n\n  const handleSubmit = async (e) => {\n    e.preventDefault();\n    const response = await fetch('/generate', {\n      method: 'POST',\n      headers: { 'Content-Type': 'application/json' },\n      body: JSON.stringify({ context, prompt }),\n    });\n    const data = await response.json();\n    router.push(`/questions?id=${data.id}`);\n  };\n\n  return (\n    <form onSubmit={handleSubmit}>\n      <label>\n        Context:\n        <input type=\"text\" value={context} onChange={(e) => setContext(e.target.value)} />\n      </label>\n      <label>\n        Prompt:\n        <input type=\"text\" value={prompt} onChange={(e) => setPrompt(e.target.value)} />\n      </label>\n      <button type=\"submit\">Generate Questions</button>\n    </form>\n  );\n};\n\nexport default EssayForm;",
    "Essay-app-main/frontend/app/QuestionForm.js": "import React, { useState, useEffect } from 'react';\nimport { useRouter } from 'next/router';\n\nconst QuestionForm = () => {\n  const [questions, setQuestions] = useState([]);\n  const [answers, setAnswers] = useState({});\n  const router = useRouter();\n  const { id } = router.query;\n\n  useEffect(() => {\n    const fetchQuestions = async () => {\n      const response = await fetch(`/api/generate?id=${id}`);\n      const data = await response.json();\n      setQuestions(data.questions);\n    };\n    fetchQuestions();\n  }, [id]);\n\n  const handleChange = (index, value) => {\n    setAnswers((prevAnswers) => ({\n      ...prevAnswers,\n      [index]: value,\n    }));\n  };\n\n  const handleSubmit = async (e) => {\n    e.preventDefault();\n    const response = await fetch('/api/generate', {\n      method: 'POST',\n      headers: { 'Content-Type': 'application/json' },\n      body: JSON.stringify({ id, answers }),\n    });\n    const data = await response.json();\n    router.push(`/essay?id=${data.id}`);\n  };\n\n  return (\n    <form onSubmit={handleSubmit}>\n      {questions.map((question, index) => (\n        <div key={index}>\n          <h3>{question}</h3>\n          <textarea\n            value={answers[index] || ''}\n            onChange={(e) => handleChange(index, e.target.value)}\n          />\n        </div>\n      ))}\n      <button type=\"submit\">Generate Essay</button>\n    </form>\n  );\n};\n\nexport default QuestionForm;",
    "Essay-app-main/frontend/app/essay.js": "import React from 'react';\n\nconst EssayPage = ({ essay }) => {\n  return (\n    <div>\n      <h1>Generated Essay</h1>\n      <p>{essay}</p>\n    </div>\n  );\n};\n\nexport default EssayPage;",
    "Essay-app-main/frontend/app/generate.js": "export default async function handler(req, res) {\n\tif (req.method === 'POST') {\n\t  const { context, prompt, id, answers } = req.body;\n\t  if (context && prompt) {\n\t    // Send context and prompt to backend for question generation\n\t    const response = await fetch('http://backend/generate-questions', {\n\t      method: 'POST',\n\t      headers: { 'Content-Type': 'application/json' },\n\t      body: JSON.stringify({ context, prompt }),\n\t    });\n\t    const data = await response.json();\n\t    res.status(200).json({ id: data.id });\n\t  } else if (id && answers) {\n\t    // Send id and answers to backend for essay generation\n\t    const response = await fetch('http://backend/generate-essay', {\n\t      method: 'POST',\n\t      headers: { 'Content-Type': 'application/json' },\n\t      body: JSON.stringify({ id, answers }),\n\t    });\n\t    const data = await response.json();\n\t    res.status(200).json({ id: data.id });\n\t  } else {\n\t    res.status(400).json({ error: 'Invalid request' });\n\t  }\n\t} else if (req.method === 'GET') {\n\t  const { id } = req.query;\n\t  if (id) {\n\t    // Fetch questions or essay from backend based on id\n\t    const response = await fetch(`http://backend/data?id=${id}`);\n\t    const data = await response.json();\n\t    if (data.questions) {\n\t      res.status(200).json({ questions: data.questions });\n\t    } else if (data.essay) {\n\t      res.status(200).json({ essay: data.essay });\n\t    } else {\n\t      res.status(404).json({ error: 'Data not found' });\n\t    }\n\t  } else {\n\t    res.status(400).json({ error: 'Invalid request' });\n\t  }\n\t} else {\n\t  res.status(405).json({ error: 'Method not allowed' });\n\t}\n      }",
    "Essay-app-main/frontend/app/globals.css": "@tailwind base;\n@tailwind components;\n@tailwind utilities;\n\n:root {\n  --foreground-rgb: 0, 0, 0;\n  --background-start-rgb: 214, 219, 220;\n  --background-end-rgb: 255, 255, 255;\n}\n\n@media (prefers-color-scheme: dark) {\n  :root {\n    --foreground-rgb: 255, 255, 255;\n    --background-start-rgb: 0, 0, 0;\n    --background-end-rgb: 0, 0, 0;\n  }\n}\n\nbody {\n  color: rgb(var(--foreground-rgb));\n  background: linear-gradient(\n      to bottom,\n      transparent,\n      rgb(var(--background-end-rgb))\n    )\n    rgb(var(--background-start-rgb));\n}\n\n@layer utilities {\n  .text-balance {\n    text-wrap: balance;\n  }\n}\n",
    "Essay-app-main/frontend/app/layout.js": "import { Inter } from \"next/font/google\";\nimport \"./globals.css\";\n\nconst inter = Inter({ subsets: [\"latin\"] });\n\nexport const metadata = {\n  title: \"Create Next App\",\n  description: \"Generated by create next app\",\n};\n\nexport default function RootLayout({ children }) {\n  return (\n    <html lang=\"en\">\n      <body className={inter.className}>{children}</body>\n    </html>\n  );\n}\n",
    "Essay-app-main/frontend/app/page.js": "import React from 'react';\nimport EssayForm from './EssayForm';\n\nconst HomePage = () => {\n  return (\n    <div>\n      <h1>Essay Generator</h1>\n      <EssayForm />\n    </div>\n  );\n};\n\nexport default HomePage;",
    "Essay-app-main/frontend/app/questions.js": "import React from 'react';\nimport QuestionForm from './QuestionForm';\n\nconst QuestionsPage = () => {\n  return (\n    <div>\n      <h1>Answer the Questions</h1>\n      <QuestionForm />\n    </div>\n  );\n};\n\nexport default QuestionsPage;",
    "Essay-app-main/frontend/jsconfig.json": "{\n  \"compilerOptions\": {\n    \"paths\": {\n      \"@/*\": [\"./*\"]\n    }\n  }\n}\n",
    "Essay-app-main/frontend/next.config.mjs": "/** @type {import('next').NextConfig} */\nconst nextConfig = {};\n\nexport default nextConfig;\n",
    "Essay-app-main/frontend/package-lock.json": "{\n  \"name\": \"frontend\",\n  \"version\": \"0.1.0\",\n  \"lockfileVersion\": 3,\n  \"requires\": true,\n  \"packages\": {\n    \"\": {\n      \"name\": \"frontend\",\n      \"version\": \"0.1.0\",\n      \"dependencies\": {\n        \"next\": \"14.2.3\",\n        \"openai\": \"^4.47.1\",\n        \"react\": \"^18\",\n        \"react-dom\": \"^18\"\n      },\n      \"devDependencies\": {\n        \"eslint\": \"^8\",\n        \"eslint-config-next\": \"14.2.3\",\n        \"postcss\": \"^8\",\n        \"tailwindcss\": \"^3.4.1\"\n      }\n    },\n    \"node_modules/@alloc/quick-lru\": {\n      \"version\": \"5.2.0\",\n      \"resolved\": \"https://registry.npmjs.org/@alloc/quick-lru/-/quick-lru-5.2.0.tgz\",\n      \"integrity\": \"sha512-UrcABB+4bUrFABwbluTIBErXwvbsU/V7TZWfmbgJfbkwiBuziS9gxdODUyuiecfdGQ85jglMW6juS3+z5TsKLw==\",\n      \"dev\": true,\n      \"engines\": {\n        \"node\": \">=10\"\n      },\n      \"funding\": {\n        \"url\": \"https://github.com/sponsors/sindresorhus\"\n      }\n    },\n    \"node_modules/@babel/runtime\": {\n      \"version\": \"7.24.6\",\n      \"resolved\": \"https://registry.npmjs.org/@babel/runtime/-/runtime-7.24.6.tgz\",\n      \"integrity\": \"sha512-Ja18XcETdEl5mzzACGd+DKgaGJzPTCow7EglgwTmHdwokzDFYh/MHua6lU6DV/hjF2IaOJ4oX2nqnjG7RElKOw==\",\n      \"dev\": true,\n      \"dependencies\": {\n        \"regenerator-runtime\": \"^0.14.0\"\n      },\n      \"engines\": {\n        \"node\": \">=6.9.0\"\n      }\n    },\n    \"node_modules/@eslint-community/eslint-utils\": {\n      \"version\": \"4.4.0\",\n      \"resolved\": \"https://registry.npmjs.org/@eslint-community/eslint-utils/-/eslint-utils-4.4.0.tgz\",\n      \"integrity\": \"sha512-1/sA4dwrzBAyeUoQ6oxahHKmrZvsnLCg4RfxW3ZFGGmQkSNQPFNLV9CUEFQP1x9EYXHTo5p6xdhZM1Ne9p/AfA==\",\n      \"dev\": true,\n      \"dependencies\": {\n        \"eslint-visitor-keys\": \"^3.3.0\"\n      },\n      \"engines\": {\n        \"node\": \"^12.22.0 || ^14.17.0 || >=16.0.0\"\n      },\n      \"peerDependencies\": {\n        \"eslint\": \"^6.0.0 || ^7.0.0 || >=8.0.0\"\n      }\n    },\n    \"node_modules/@eslint-community/regexpp\": {\n      \"version\": \"4.10.0\",\n      \"resolved\": \"https://registry.npmjs.org/@eslint-community/regexpp/-/regexpp-4.10.0.tgz\",\n      \"integrity\": \"sha512-Cu96Sd2By9mCNTx2iyKOmq10v22jUVQv0lQnlGNy16oE9589yE+QADPbrMGCkA51cKZSg3Pu/aTJVTGfL/qjUA==\",\n      \"dev\": true,\n      \"engines\": {\n        \"node\": \"^12.0.0 || ^14.0.0 || >=16.0.0\"\n      }\n    },\n    \"node_modules/@eslint/eslintrc\": {\n      \"version\": \"2.1.4\",\n      \"resolved\": \"https://registry.npmjs.org/@eslint/eslintrc/-/eslintrc-2.1.4.tgz\",\n      \"integrity\": \"sha512-269Z39MS6wVJtsoUl10L60WdkhJVdPG24Q4eZTH3nnF6lpvSShEK3wQjDX9JRWAUPvPh7COouPpU9IrqaZFvtQ==\",\n      \"dev\": true,\n      \"dependencies\": {\n        \"ajv\": \"^6.12.4\",\n        \"debug\": \"^4.3.2\",\n        \"espree\": \"^9.6.0\",\n        \"globals\": \"^13.19.0\",\n        \"ignore\": \"^5.2.0\",\n        \"import-fresh\": \"^3.2.1\",\n        \"js-yaml\": \"^4.1.0\",\n        \"minimatch\": \"^3.1.2\",\n        \"strip-json-comments\": \"^3.1.1\"\n      },\n      \"engines\": {\n        \"node\": \"^12.22.0 || ^14.17.0 || >=16.0.0\"\n      },\n      \"funding\": {\n        \"url\": \"https://opencollective.com/eslint\"\n      }\n    },\n    \"node_modules/@eslint/js\": {\n      \"version\": \"8.57.0\",\n      \"resolved\": \"https://registry.npmjs.org/@eslint/js/-/js-8.57.0.tgz\",\n      \"integrity\": \"sha512-Ys+3g2TaW7gADOJzPt83SJtCDhMjndcDMFVQ/Tj9iA1BfJzFKD9mAUXT3OenpuPHbI6P/myECxRJrofUsDx/5g==\",\n      \"dev\": true,\n      \"engines\": {\n        \"node\": \"^12.22.0 || ^14.17.0 || >=16.0.0\"\n      }\n    },\n    \"node_modules/@humanwhocodes/config-array\": {\n      \"version\": \"0.11.14\",\n      \"resolved\": \"https://registry.npmjs.org/@humanwhocodes/config-array/-/config-array-0.11.14.tgz\",\n      \"integrity\": \"sha512-3T8LkOmg45BV5FICb15QQMsyUSWrQ8AygVfC7ZG32zOalnqrilm018ZVCw0eapXux8FtA33q8PSRSstjee3jSg==\",\n      \"dev\": true,\n      \"dependencies\": {\n        \"@humanwhocodes/object-schema\": \"^2.0.2\",\n        \"debug\": \"^4.3.1\",\n        \"minimatch\": \"^3.0.5\"\n      },\n      \"engines\": {\n        \"node\": \">=10.10.0\"\n      }\n    },\n    \"node_modules/@humanwhocodes/module-importer\": {\n      \"version\": \"1.0.1\",\n      \"resolved\": \"https://registry.npmjs.org/@humanwhocodes/module-importer/-/module-importer-1.0.1.tgz\",\n      \"integrity\": \"sha512-bxveV4V8v5Yb4ncFTT3rPSgZBOpCkjfK0y4oVVVJwIuDVBRMDXrPyXRL988i5ap9m9bnyEEjWfm5WkBmtffLfA==\",\n      \"dev\": true,\n      \"engines\": {\n        \"node\": \">=12.22\"\n      },\n      \"funding\": {\n        \"type\": \"github\",\n        \"url\": \"https://github.com/sponsors/nzakas\"\n      }\n    },\n    \"node_modules/@humanwhocodes/object-schema\": {\n      \"version\": \"2.0.3\",\n      \"resolved\": \"https://registry.npmjs.org/@humanwhocodes/object-schema/-/object-schema-2.0.3.tgz\",\n      \"integrity\": \"sha512-93zYdMES/c1D69yZiKDBj0V24vqNzB/koF26KPaagAfd3P/4gUlh3Dys5ogAK+Exi9QyzlD8x/08Zt7wIKcDcA==\",\n      \"dev\": true\n    },\n    \"node_modules/@isaacs/cliui\": {\n      \"version\": \"8.0.2\",\n      \"resolved\": \"https://registry.npmjs.org/@isaacs/cliui/-/cliui-8.0.2.tgz\",\n      \"integrity\": \"sha512-O8jcjabXaleOG9DQ0+ARXWZBTfnP4WNAqzuiJK7ll44AmxGKv/J2M4TPjxjY3znBCfvBXFzucm1twdyFybFqEA==\",\n      \"dev\": true,\n      \"dependencies\": {\n        \"string-width\": \"^5.1.2\",\n        \"string-width-cjs\": \"npm:string-width@^4.2.0\",\n        \"strip-ansi\": \"^7.0.1\",\n        \"strip-ansi-cjs\": \"npm:strip-ansi@^6.0.1\",\n        \"wrap-ansi\": \"^8.1.0\",\n        \"wrap-ansi-cjs\": \"npm:wrap-ansi@^7.0.0\"\n      },\n      \"engines\": {\n        \"node\": \">=12\"\n      }\n    },\n    \"node_modules/@isaacs/cliui/node_modules/ansi-regex\": {\n      \"version\": \"6.0.1\",\n      \"resolved\": \"https://registry.npmjs.org/ansi-regex/-/ansi-regex-6.0.1.tgz\",\n      \"integrity\": \"sha512-n5M855fKb2SsfMIiFFoVrABHJC8QtHwVx+mHWP3QcEqBHYienj5dHSgjbxtC0WEZXYt4wcD6zrQElDPhFuZgfA==\",\n      \"dev\": true,\n      \"engines\": {\n        \"node\": \">=12\"\n      },\n      \"funding\": {\n        \"url\": \"https://github.com/chalk/ansi-regex?sponsor=1\"\n      }\n    },\n    \"node_modules/@isaacs/cliui/node_modules/strip-ansi\": {\n      \"version\": \"7.1.0\",\n      \"resolved\": \"https://registry.npmjs.org/strip-ansi/-/strip-ansi-7.1.0.tgz\",\n      \"integrity\": \"sha512-iq6eVVI64nQQTRYq2KtEg2d2uU7LElhTJwsH4YzIHZshxlgZms/wIc4VoDQTlG/IvVIrBKG06CrZnp0qv7hkcQ==\",\n      \"dev\": true,\n      \"dependencies\": {\n        \"ansi-regex\": \"^6.0.1\"\n      },\n      \"engines\": {\n        \"node\": \">=12\"\n      },\n      \"funding\": {\n        \"url\": \"https://github.com/chalk/strip-ansi?sponsor=1\"\n      }\n    },\n    \"node_modules/@jridgewell/gen-mapping\": {\n      \"version\": \"0.3.5\",\n      \"resolved\": \"https://registry.npmjs.org/@jridgewell/gen-mapping/-/gen-mapping-0.3.5.tgz\",\n      \"integrity\": \"sha512-IzL8ZoEDIBRWEzlCcRhOaCupYyN5gdIK+Q6fbFdPDg6HqX6jpkItn7DFIpW9LQzXG6Df9sA7+OKnq0qlz/GaQg==\",\n      \"dev\": true,\n      \"dependencies\": {\n        \"@jridgewell/set-array\": \"^1.2.1\",\n        \"@jridgewell/sourcemap-codec\": \"^1.4.10\",\n        \"@jridgewell/trace-mapping\": \"^0.3.24\"\n      },\n      \"engines\": {\n        \"node\": \">=6.0.0\"\n      }\n    },\n    \"node_modules/@jridgewell/resolve-uri\": {\n      \"version\": \"3.1.2\",\n      \"resolved\": \"https://registry.npmjs.org/@jridgewell/resolve-uri/-/resolve-uri-3.1.2.tgz\",\n      \"integrity\": \"sha512-bRISgCIjP20/tbWSPWMEi54QVPRZExkuD9lJL+UIxUKtwVJA8wW1Trb1jMs1RFXo1CBTNZ/5hpC9QvmKWdopKw==\",\n      \"dev\": true,\n      \"engines\": {\n        \"node\": \">=6.0.0\"\n      }\n    },\n    \"node_modules/@jridgewell/set-array\": {\n      \"version\": \"1.2.1\",\n      \"resolved\": \"https://registry.npmjs.org/@jridgewell/set-array/-/set-array-1.2.1.tgz\",\n      \"integrity\": \"sha512-R8gLRTZeyp03ymzP/6Lil/28tGeGEzhx1q2k703KGWRAI1VdvPIXdG70VJc2pAMw3NA6JKL5hhFu1sJX0Mnn/A==\",\n      \"dev\": true,\n      \"engines\": {\n        \"node\": \">=6.0.0\"\n      }\n    },\n    \"node_modules/@jridgewell/sourcemap-codec\": {\n      \"version\": \"1.4.15\",\n      \"resolved\": \"https://registry.npmjs.org/@jridgewell/sourcemap-codec/-/sourcemap-codec-1.4.15.tgz\",\n      \"integrity\": \"sha512-eF2rxCRulEKXHTRiDrDy6erMYWqNw4LPdQ8UQA4huuxaQsVeRPFl2oM8oDGxMFhJUWZf9McpLtJasDDZb/Bpeg==\",\n      \"dev\": true\n    },\n    \"node_modules/@jridgewell/trace-mapping\": {\n      \"version\": \"0.3.25\",\n      \"resolved\": \"https://registry.npmjs.org/@jridgewell/trace-mapping/-/trace-mapping-0.3.25.tgz\",\n      \"integrity\": \"sha512-vNk6aEwybGtawWmy/PzwnGDOjCkLWSD2wqvjGGAgOAwCGWySYXfYoxt00IJkTF+8Lb57DwOb3Aa0o9CApepiYQ==\",\n      \"dev\": true,\n      \"dependencies\": {\n        \"@jridgewell/resolve-uri\": \"^3.1.0\",\n        \"@jridgewell/sourcemap-codec\": \"^1.4.14\"\n      }\n    },\n    \"node_modules/@next/env\": {\n      \"version\": \"14.2.3\",\n      \"resolved\": \"https://registry.npmjs.org/@next/env/-/env-14.2.3.tgz\",\n      \"integrity\": \"sha512-W7fd7IbkfmeeY2gXrzJYDx8D2lWKbVoTIj1o1ScPHNzvp30s1AuoEFSdr39bC5sjxJaxTtq3OTCZboNp0lNWHA==\"\n    },\n    \"node_modules/@next/eslint-plugin-next\": {\n      \"version\": \"14.2.3\",\n      \"resolved\": \"https://registry.npmjs.org/@next/eslint-plugin-next/-/eslint-plugin-next-14.2.3.tgz\",\n      \"integrity\": \"sha512-L3oDricIIjgj1AVnRdRor21gI7mShlSwU/1ZGHmqM3LzHhXXhdkrfeNY5zif25Bi5Dd7fiJHsbhoZCHfXYvlAw==\",\n      \"dev\": true,\n      \"dependencies\": {\n        \"glob\": \"10.3.10\"\n      }\n    },\n    \"node_modules/@next/swc-darwin-arm64\": {\n      \"version\": \"14.2.3\",\n      \"resolved\": \"https://registry.npmjs.org/@next/swc-darwin-arm64/-/swc-darwin-arm64-14.2.3.tgz\",\n      \"integrity\": \"sha512-3pEYo/RaGqPP0YzwnlmPN2puaF2WMLM3apt5jLW2fFdXD9+pqcoTzRk+iZsf8ta7+quAe4Q6Ms0nR0SFGFdS1A==\",\n      \"cpu\": [\n        \"arm64\"\n      ],\n      \"optional\": true,\n      \"os\": [\n        \"darwin\"\n      ],\n      \"engines\": {\n        \"node\": \">= 10\"\n      }\n    },\n    \"node_modules/@next/swc-darwin-x64\": {\n      \"version\": \"14.2.3\",\n      \"resolved\": \"https://registry.npmjs.org/@next/swc-darwin-x64/-/swc-darwin-x64-14.2.3.tgz\",\n      \"integrity\": \"sha512-6adp7waE6P1TYFSXpY366xwsOnEXM+y1kgRpjSRVI2CBDOcbRjsJ67Z6EgKIqWIue52d2q/Mx8g9MszARj8IEA==\",\n      \"cpu\": [\n        \"x64\"\n      ],\n      \"optional\": true,\n      \"os\": [\n        \"darwin\"\n      ],\n      \"engines\": {\n        \"node\": \">= 10\"\n      }\n    },\n    \"node_modules/@next/swc-linux-arm64-gnu\": {\n      \"version\": \"14.2.3\",\n      \"resolved\": \"https://registry.npmjs.o\n\n[Note: The file content was truncated to manage context window size for large information.]",
    "Essay-app-main/frontend/package.json": "{\n  \"name\": \"frontend\",\n  \"version\": \"0.1.0\",\n  \"private\": true,\n  \"scripts\": {\n    \"dev\": \"next dev\",\n    \"build\": \"next build\",\n    \"start\": \"next start\",\n    \"lint\": \"next lint\"\n  },\n  \"dependencies\": {\n    \"next\": \"14.2.3\",\n    \"openai\": \"^4.47.1\",\n    \"react\": \"^18\",\n    \"react-dom\": \"^18\"\n  },\n  \"devDependencies\": {\n    \"eslint\": \"^8\",\n    \"eslint-config-next\": \"14.2.3\",\n    \"postcss\": \"^8\",\n    \"tailwindcss\": \"^3.4.1\"\n  }\n}\n",
    "Essay-app-main/frontend/postcss.config.mjs": "/** @type {import('postcss-load-config').Config} */\nconst config = {\n  plugins: {\n    tailwindcss: {},\n  },\n};\n\nexport default config;\n",
    "Essay-app-main/frontend/public/next.svg": "<svg xmlns=\"http://www.w3.org/2000/svg\" fill=\"none\" viewBox=\"0 0 394 80\"><path fill=\"#000\" d=\"M262 0h68.5v12.7h-27.2v66.6h-13.6V12.7H262V0ZM149 0v12.7H94v20.4h44.3v12.6H94v21h55v12.6H80.5V0h68.7zm34.3 0h-17.8l63.8 79.4h17.9l-32-39.7 32-39.6h-17.9l-23 28.6-23-28.6zm18.3 56.7-9-11-27.1 33.7h17.8l18.3-22.7z\"/><path fill=\"#000\" d=\"M81 79.3 17 0H0v79.3h13.6V17l50.2 62.3H81Zm252.6-.4c-1 0-1.8-.4-2.5-1s-1.1-1.6-1.1-2.6.3-1.8 1-2.5 1.6-1 2.6-1 1.8.3 2.5 1a3.4 3.4 0 0 1 .6 4.3 3.7 3.7 0 0 1-3 1.8zm23.2-33.5h6v23.3c0 2.1-.4 4-1.3 5.5a9.1 9.1 0 0 1-3.8 3.5c-1.6.8-3.5 1.3-5.7 1.3-2 0-3.7-.4-5.3-1s-2.8-1.8-3.7-3.2c-.9-1.3-1.4-3-1.4-5h6c.1.8.3 1.6.7 2.2s1 1.2 1.6 1.5c.7.4 1.5.5 2.4.5 1 0 1.8-.2 2.4-.6a4 4 0 0 0 1.6-1.8c.3-.8.5-1.8.5-3V45.5zm30.9 9.1a4.4 4.4 0 0 0-2-3.3 7.5 7.5 0 0 0-4.3-1.1c-1.3 0-2.4.2-3.3.5-.9.4-1.6 1-2 1.6a3.5 3.5 0 0 0-.3 4c.3.5.7.9 1.3 1.2l1.8 1 2 .5 3.2.8c1.3.3 2.5.7 3.7 1.2a13 13 0 0 1 3.2 1.8 8.1 8.1 0 0 1 3 6.5c0 2-.5 3.7-1.5 5.1a10 10 0 0 1-4.4 3.5c-1.8.8-4.1 1.2-6.8 1.2-2.6 0-4.9-.4-6.8-1.2-2-.8-3.4-2-4.5-3.5a10 10 0 0 1-1.7-5.6h6a5 5 0 0 0 3.5 4.6c1 .4 2.2.6 3.4.6 1.3 0 2.5-.2 3.5-.6 1-.4 1.8-1 2.4-1.7a4 4 0 0 0 .8-2.4c0-.9-.2-1.6-.7-2.2a11 11 0 0 0-2.1-1.4l-3.2-1-3.8-1c-2.8-.7-5-1.7-6.6-3.2a7.2 7.2 0 0 1-2.4-5.7 8 8 0 0 1 1.7-5 10 10 0 0 1 4.3-3.5c2-.8 4-1.2 6.4-1.2 2.3 0 4.4.4 6.2 1.2 1.8.8 3.2 2 4.3 3.4 1 1.4 1.5 3 1.5 5h-5.8z\"/></svg>",
    "Essay-app-main/frontend/public/vercel.svg": "<svg xmlns=\"http://www.w3.org/2000/svg\" fill=\"none\" viewBox=\"0 0 283 64\"><path fill=\"black\" d=\"M141 16c-11 0-19 7-19 18s9 18 20 18c7 0 13-3 16-7l-7-5c-2 3-6 4-9 4-5 0-9-3-10-7h28v-3c0-11-8-18-19-18zm-9 15c1-4 4-7 9-7s8 3 9 7h-18zm117-15c-11 0-19 7-19 18s9 18 20 18c6 0 12-3 16-7l-8-5c-2 3-5 4-8 4-5 0-9-3-11-7h28l1-3c0-11-8-18-19-18zm-10 15c2-4 5-7 10-7s8 3 9 7h-19zm-39 3c0 6 4 10 10 10 4 0 7-2 9-5l8 5c-3 5-9 8-17 8-11 0-19-7-19-18s8-18 19-18c8 0 14 3 17 8l-8 5c-2-3-5-5-9-5-6 0-10 4-10 10zm83-29v46h-9V5h9zM37 0l37 64H0L37 0zm92 5-27  48L74 5h10l18 30 17-30h10zm59 12v10l-3-1c-6 0-10 4-10 10v15h-9V17h9v9c0-5 6-9 13-9z\"/></svg>",
    "Essay-app-main/frontend/tailwind.config.js": "/** @type {import('tailwindcss').Config} */\nmodule.exports = {\n  content: [\n    \"./pages/**/*.{js,ts,jsx,tsx,mdx}\",\n    \"./components/**/*.{js,ts,jsx,tsx,mdx}\",\n    \"./app/**/*.{js,ts,jsx,tsx,mdx}\",\n  ],\n  theme: {\n    extend: {\n      backgroundImage: {\n        \"gradient-radial\": \"radial-gradient(var(--tw-gradient-stops))\",\n        \"gradient-conic\":\n          \"conic-gradient(from 180deg at 50% 50%, var(--tw-gradient-stops))\",\n      },\n    },\n  },\n  plugins: [],\n};\n"
}